Id,ServiceTerritory__c
a1eVu000006RFFeIAO,
a1eVu000006RFFfIAO,
a1eVu000006RFFgIAO,
a1eVu000006RFFhIAO,
a1eVu000006RFFiIAO,
a1eVu000006RFFjIAO,
a1eVu000006RFFkIAO,
a1eVu000006RFFlIAO,
a1eVu000006RFFmIAO,
a1eVu000006RFFnIAO,
a1eVu000006RFFoIAO,
a1eVu000006RFFpIAO,
a1eVu000006RFFqIAO,
a1eVu000006RFFrIAO,
a1eVu000006RFFsIAO,
a1eVu000006RFFtIAO,
a1eVu000006RFFuIAO,
a1eVu000006RFFvIAO,
a1eVu000006RFFwIAO,
a1eVu000006RFFxIAO,
a1eVu000006RFFyIAO,
a1eVu000006RFFzIAO,
a1eVu000006RFG0IAO,
a1eVu000006RFG1IAO,
a1eVu000006RFG2IAO,
a1eVu000006RFG3IAO,
a1eVu000006RFG4IAO,
a1eVu000006RFG5IAO,
a1eVu000006RFG6IAO,
a1eVu000006RFG7IAO,
a1eVu000006RFG8IAO,
a1eVu000006RFG9IAO,
a1eVu000006RFGAIA4,
a1eVu000006RFGBIA4,
a1eVu000006RFGCIA4,
a1eVu000006RFGEIA4,
a1eVu000006RFGFIA4,
a1eVu000006RFGGIA4,
a1eVu000006RFGHIA4,
a1eVu000006RFGIIA4,
a1eVu000006RFGJIA4,
a1eVu000006RFGKIA4,
a1eVu000006RFGLIA4,
a1eVu000006RFGMIA4,
a1eVu000006RFGNIA4,
a1eVu000006RFGOIA4,
a1eVu000006RFGPIA4,
a1eVu000006RFGQIA4,
a1eVu000006RFGRIA4,
a1eVu000006RFGSIA4,
a1eVu000006RFGTIA4,
a1eVu000006RFGUIA4,
a1eVu000006RFGWIA4,
a1eVu000006RFGXIA4,
a1eVu000006RFGYIA4,
a1eVu000006RFGZIA4,
a1eVu000006RFGaIAO,
a1eVu000006RFGbIAO,
a1eVu000006RFGcIAO,
a1eVu000006RFGdIAO,
a1eVu000006RFGeIAO,
a1eVu000006RFGfIAO,
a1eVu000006RFGgIAO,
a1eVu000006RFGhIAO,
a1eVu000006RFGiIAO,
a1eVu000006RFGjIAO,
a1eVu000006RFGkIAO,
a1eVu000006RFGlIAO,
a1eVu000006RFGmIAO,
a1eVu000006RFGnIAO,
a1eVu000006RFGoIAO,
a1eVu000006RFGpIAO,
a1eVu000006RFGqIAO,
a1eVu000006RFGrIAO,
a1eVu000006RFGsIAO,
a1eVu000006RFGtIAO,
a1eVu000006RFGuIAO,
a1eVu000006RFGvIAO,
a1eVu000006RFGwIAO,
a1eVu000006RFGxIAO,
a1eVu000006RFGyIAO,
a1eVu000006RFGzIAO,
a1eVu000006RFH0IAO,
a1eVu000006RFH1IAO,
a1eVu000006RFH2IAO,
a1eVu000006RFH3IAO,
a1eVu000006RFH4IAO,
a1eVu000006RFH6IAO,
a1eVu000006RFH7IAO,
a1eVu000006RFH8IAO,
a1eVu000006RFH9IAO,
a1eVu000006RFHAIA4,
a1eVu000006RFHBIA4,
a1eVu000006RFHCIA4,
a1eVu000006RFHDIA4,
a1eVu000006RFHEIA4,
a1eVu000006RK8rIAG,
a1eVu000006RK8tIAG,
a1eVu000006RK8uIAG,
a1eVu000006RK8vIAG,
a1eVu000006RK8wIAG,
a1eVu000006RK8xIAG,
a1eVu000006RK8yIAG,
a1eVu000006RK8zIAG,
a1eVu000006RK90IAG,
a1eVu000006RK91IAG,
a1eVu000006RK92IAG,
a1eVu000006RK93IAG,
a1eVu000006RK94IAG,
a1eVu000006RK95IAG,
a1eVu000006RK96IAG,
a1eVu000006RK97IAG,
a1eVu000006RK98IAG,
a1eVu000006RK99IAG,
a1eVu000006RK9AIAW,
a1eVu000006RK9BIAW,
a1eVu000006RK9CIAW,
a1eVu000006RK9DIAW,
a1eVu000006RK9EIAW,
a1eVu000006RK9FIAW,
a1eVu000006RK9GIAW,
a1eVu000006RK9HIAW,
a1eVu000006RK9IIAW,
a1eVu000006RK9JIAW,
a1eVu000006RK9KIAW,
a1eVu000006RK9LIAW,
a1eVu000006RK9MIAW,
a1eVu000006RK9NIAW,
a1eVu000006RK9OIAW,
a1eVu000006RK9PIAW,
a1eVu000006RK9QIAW,
a1eVu000006RK9RIAW,
a1eVu000006RK9SIAW,
a1eVu000006RK9TIAW,
a1eVu000006RK9UIAW,
a1eVu000006RK9VIAW,
a1eVu000006RK9WIAW,
a1eVu000006RK9XIAW,
a1eVu000006RK9YIAW,
a1eVu000006RK9ZIAW,
a1eVu000006RK9aIAG,
a1eVu000006RK9bIAG,
a1eVu000006RK9cIAG,
a1eVu000006RK9dIAG,
a1eVu000006RK9eIAG,
a1eVu000006RK9gIAG,
a1eVu000006RK9hIAG,
a1eVu000006RK9iIAG,
a1eVu000006RK9jIAG,
a1eVu000006RK9kIAG,
a1eVu000006RK9lIAG,
a1eVu000006RK9mIAG,
a1eVu000006RK9nIAG,
a1eVu000006RK9oIAG,
a1eVu000006RK9pIAG,
a1eVu000006RK9qIAG,
a1eVu000006RK9rIAG,
a1eVu000006RK9sIAG,
a1eVu000006RK9tIAG,
a1eVu000006RK9uIAG,
a1eVu000006RK9vIAG,
a1eVu000006RK9wIAG,
a1eVu000006RK9xIAG,
a1eVu000006RK9yIAG,
a1eVu000006RK9zIAG,
a1eVu000006RKA0IAO,
a1eVu000006RKA1IAO,
a1eVu000006RKA2IAO,
a1eVu000006RKA3IAO,
a1eVu000006RKA4IAO,
a1eVu000006RKA5IAO,
a1eVu000006RKA6IAO,
a1eVu000006RKA7IAO,
a1eVu000006RKA8IAO,
a1eVu000006RKA9IAO,
a1eVu000006RKAAIA4,
a1eVu000006RKABIA4,
a1eVu000006RKACIA4,
a1eVu000006RKADIA4,
a1eVu000006RKAEIA4,
a1eVu000006RKAFIA4,
a1eVu000006RKAGIA4,
a1eVu000006RKAHIA4,
a1eVu000006RKAIIA4,
a1eVu000006RKAJIA4,
a1eVu000006RKAKIA4,
a1eVu000006RKALIA4,
a1eVu000006RKAMIA4,
a1eVu000006RKANIA4,
a1eVu000006RKAOIA4,
a1eVu000006RKAPIA4,
a1eVu000006RKAQIA4,
a1eVu000006RKARIA4,
a1eVu000006RKASIA4,
a1eVu000006RKATIA4,
a1eVu000006RKAUIA4,
a1eVu000006RKAVIA4,
a1eVu000006RKAWIA4,
a1eVu000006RKAXIA4,
a1eVu000006RKAYIA4,
a1eVu000006RKAZIA4,
a1eVu000006RKAaIAO,
a1eVu000006RKAbIAO,
a1eVu000006RKAcIAO,
a1eVu000006RKAdIAO,
a1eVu000006RKAeIAO,
a1eVu000006RKAfIAO,
a1eVu000006RKAgIAO,
a1eVu000006RKAhIAO,
a1eVu000006RKAiIAO,
a1eVu000006RKAjIAO,
a1eVu000006RKAkIAO,
a1eVu000006RKAlIAO,
a1eVu000006RKAmIAO,
a1eVu000006RKAnIAO,
a1eVu000006RKAoIAO,
a1eVu000006YlXJIA0,
a1eVu000006YlXKIA0,
a1eVu000006YlXNIA0,
a1eVu000006t5d7IAA,
a1eVu000006t5d8IAA,
a1eVu000006t5d9IAA,
a1eVu000006t5dAIAQ,
a1eVu000006t5dBIAQ,
a1eVu000006t5dCIAQ,
a1eVu000006t5dDIAQ,
a1eVu000006t5dEIAQ,
a1eVu000006t5dFIAQ,
a1eVu000006t5dGIAQ,
