Id,Zone__c,ServiceTerritory__c,Service_Territory_Name__c,FM_Assignment__c,Assigned_FM__c
a1eVu000006RFG2IAO,1,0HhVu0000001LSDKA2,Sherrills Ford,005Vu00000J7hQHIAZ,005Vu00000J7hQHIAZ
a1eVu000006RFG6IAO,1,0HhVu0000001LSDKA2,Mooresville,005Vu00000J7hQHIAZ,005Vu00000J7hQHIAZ
a1eVu000006RFGCIA4,1,0HhVu0000001LSDKA2,Statesville,005Vu00000J7hQHIAZ,005Vu00000J7hQHIAZ
a1eVu000006RFGEIA4,1,0HhVu0000001LSDKA2,Troutman,005Vu00000J7hQHIAZ,005Vu00000J7hQHIAZ
a1eVu000006RFGKIA4,1,0HhVu0000001LSDKA2,Troutman,005Vu00000J7hQHIAZ,005Vu00000J7hQHIAZ
a1eVu000006RFGPIA4,1,0HhVu0000001LSDKA2,Sherrills Ford,005Vu00000J7hQHIAZ,005Vu00000J7hQHIAZ
a1eVu000006RFGkIAO,1,0HhVu0000001LSDKA2,Troutman,005Vu00000J7hQHIAZ,005Vu00000J7hQHIAZ
a1eVu000006RK8xIAG,1,0HhVu0000001LSDKA2,Mooresville,005Vu00000J7hQHIAZ,005Vu00000J7hQHIAZ
a1eVu000006RK91IAG,1,0HhVu0000001LSDKA2,Sherrills Ford,005Vu00000J7hQHIAZ,005Vu00000J7hQHIAZ
a1eVu000006RK92IAG,1,0HhVu0000001LSDKA2,Sherrills Ford,005Vu00000J7hQHIAZ,005Vu00000J7hQHIAZ
a1eVu000006RK9HIAW,1,0HhVu0000001LSDKA2,Mooresville,005Vu00000J7hQHIAZ,005Vu00000J7hQHIAZ
a1eVu000006RK9MIAW,1,0HhVu0000001LSDKA2,Huntersville,005Vu00000J7hQHIAZ,005Vu00000J7hQHIAZ
a1eVu000006RK9aIAG,1,0HhVu0000001LSDKA2,Asheville Extension,005Vu00000J7hQHIAZ,005Vu00000J7hQHIAZ
a1eVu000006RK9bIAG,1,0HhVu0000001LSDKA2,Asheville Extension,005Vu00000J7hQHIAZ,005Vu00000J7hQHIAZ
a1eVu000006RK9jIAG,1,0HhVu0000001LSDKA2,Asheville Extension,005Vu00000J7hQHIAZ,005Vu00000J7hQHIAZ
a1eVu000006RKA3IAO,1,0HhVu0000001LSDKA2,Statesville,005Vu00000J7hQHIAZ,005Vu00000J7hQHIAZ
a1eVu000006RKA7IAO,1,0HhVu0000001LSDKA2,Asheville Extension,005Vu00000J7hQHIAZ,005Vu00000J7hQHIAZ
a1eVu000006YlXKIA0,1,0HhVu0000001LSDKA2,Mooresville,005Vu00000J7hQHIAZ,005Vu00000J7hQHIAZ
a1eVu000006RKAOIA4,1,0HhVu0000001LSDKA2,Asheville Extension,005Vu00000J7hQHIAZ,005Vu00000J7hQHIAZ
a1eVu000006RKAWIA4,1,0HhVu0000001LSDKA2,Statesville,005Vu00000J7hQHIAZ,005Vu00000J7hQHIAZ
a1eVu000006RKAiIAO,1,0HhVu0000001LSDKA2,Huntersville,005Vu00000J7hQHIAZ,005Vu00000J7hQHIAZ
a1eVu000006RKAnIAO,1,0HhVu0000001LSDKA2,Troutman,005Vu00000J7hQHIAZ,005Vu00000J7hQHIAZ
a1eVu000006RFFiIAO,2,0HhVu0000001LTpKAM,Charlotte,005Vu00000HRvzhIAD,005Vu00000HRvzhIAD
a1eVu000006RFFnIAO,2,0HhVu0000001LTpKAM,Charlotte,005Vu00000HRvzhIAD,005Vu00000HRvzhIAD
a1eVu000006RFFvIAO,2,0HhVu0000001LTpKAM,Kannapolis,005Vu00000HRvzhIAD,005Vu00000HRvzhIAD
a1eVu000006RFGMIA4,2,0HhVu0000001LTpKAM,Charlotte,005Vu00000HRvzhIAD,005Vu00000HRvzhIAD
a1eVu000006RFGVIA4,2,0HhVu0000001LTpKAM,Triad Extension,005Vu00000HRvzhIAD,005Vu00000HRvzhIAD
a1eVu000006RFH5IAO,2,0HhVu0000001LTpKAM,Triad Extension,005Vu00000HRvzhIAD,005Vu00000HRvzhIAD
a1eVu000006RFH6IAO,2,0HhVu0000001LTpKAM,Triad Extension,005Vu00000HRvzhIAD,005Vu00000HRvzhIAD
a1eVu000006RK8sIAG,2,0HhVu0000001LTpKAM,Triad Extension,005Vu00000HRvzhIAD,005Vu00000HRvzhIAD
a1eVu000006RK9BIAW,2,0HhVu0000001LTpKAM,Concord,005Vu00000HRvzhIAD,005Vu00000HRvzhIAD
a1eVu000006RK9EIAW,2,0HhVu0000001LTpKAM,Triad Extension,005Vu00000HRvzhIAD,005Vu00000HRvzhIAD
a1eVu000006RK9fIAG,2,0HhVu0000001LTpKAM,Triad Extension,005Vu00000HRvzhIAD,005Vu00000HRvzhIAD
a1eVu000006RK9hIAG,2,0HhVu0000001LTpKAM,Charlotte,005Vu00000HRvzhIAD,005Vu00000HRvzhIAD
a1eVu000006RK9oIAG,2,0HhVu0000001LTpKAM,Charlotte,005Vu00000HRvzhIAD,005Vu00000HRvzhIAD
a1eVu000006RK9tIAG,2,0HhVu0000001LTpKAM,Salisbury,005Vu00000HRvzhIAD,005Vu00000HRvzhIAD
a1eVu000006RKA5IAO,2,0HhVu0000001LTpKAM,Kannapolis,005Vu00000HRvzhIAD,005Vu00000HRvzhIAD
a1eVu000006RFFsIAO,3,0HhVu0000001LYfKAM,Charlotte SW,005Vu00000JHMZ3IAP,005Vu00000JHMZ3IAP
a1eVu000006RFGbIAO,3,0HhVu0000001LYfKAM,Columbia Extension,005Vu00000JHMZ3IAP,005Vu00000JHMZ3IAP
a1eVu000006RFGeIAO,3,0HhVu0000001LYfKAM,Fort Mill,005Vu00000JHMZ3IAP,005Vu00000JHMZ3IAP
a1eVu000006RFGnIAO,3,0HhVu0000001LYfKAM,York,005Vu00000JHMZ3IAP,005Vu00000JHMZ3IAP
a1eVu000006RFH4IAO,3,0HhVu0000001LYfKAM,Columbia Extension,005Vu00000JHMZ3IAP,005Vu00000JHMZ3IAP
a1eVu000006RK9OIAW,3,0HhVu0000001LYfKAM,Columbia Extension,005Vu00000JHMZ3IAP,005Vu00000JHMZ3IAP
a1eVu000006RK9PIAW,3,0HhVu0000001LYfKAM,Columbia Extension,005Vu00000JHMZ3IAP,005Vu00000JHMZ3IAP
a1eVu000006RK9gIAG,3,0HhVu0000001LYfKAM,Tega Cay,005Vu00000JHMZ3IAP,005Vu00000JHMZ3IAP
a1eVu000006RK9nIAG,3,0HhVu0000001LYfKAM,Monroe,005Vu00000JHMZ3IAP,005Vu00000JHMZ3IAP
a1eVu000006RK9vIAG,3,0HhVu0000001LYfKAM,Indian Trail,005Vu00000JHMZ3IAP,005Vu00000JHMZ3IAP
a1eVu000006RKAQIA4,3,0HhVu0000001LYfKAM,Waxhaw,005Vu00000JHMZ3IAP,005Vu00000JHMZ3IAP
a1eVu000006RKAVIA4,3,0HhVu0000001LYfKAM,Edgemoor,005Vu00000JHMZ3IAP,005Vu00000JHMZ3IAP
a1eVu000006RKAfIAO,3,0HhVu0000001LYfKAM,York,005Vu00000JHMZ3IAP,005Vu00000JHMZ3IAP
a1eVu000006RKAkIAO,3,0HhVu0000001LYfKAM,Monroe,005Vu00000JHMZ3IAP,005Vu00000JHMZ3IAP
a1eVu000006YlXNIA0,4,0HhVu0000001LVRKA2,Greenville Extension,005Vu00000HRhdOIAT,005Vu00000HRhdOIAT
a1eVu000006RFG5IAO,4,0HhVu0000001LVRKA2,Gastonia,005Vu00000HRhdOIAT,005Vu00000HRhdOIAT
a1eVu000006RFG9IAO,4,0HhVu0000001LVRKA2,Greenville Extension,005Vu00000HRhdOIAT,005Vu00000HRhdOIAT
a1eVu000006RFGBIA4,4,0HhVu0000001LVRKA2,Kings Mountain,005Vu00000HRhdOIAT,005Vu00000HRhdOIAT
a1eVu000006RFGGIA4,4,0HhVu0000001LVRKA2,Newton,005Vu00000HRhdOIAT,005Vu00000HRhdOIAT
a1eVu000006RFGQIA4,4,0HhVu0000001LVRKA2,Greenville Extension,005Vu00000HRhdOIAT,005Vu00000HRhdOIAT
a1eVu000006RFGSIA4,4,0HhVu0000001LVRKA2,Lincolnton,005Vu00000HRhdOIAT,005Vu00000HRhdOIAT
a1eVu000006RFGTIA4,4,0HhVu0000001LVRKA2,Shelby,005Vu00000HRhdOIAT,005Vu00000HRhdOIAT
a1eVu000006RFGUIA4,4,0HhVu0000001LVRKA2,Conover,005Vu00000HRhdOIAT,005Vu00000HRhdOIAT
a1eVu000006RFGYIA4,4,0HhVu0000001LVRKA2,Gastonia,005Vu00000HRhdOIAT,005Vu00000HRhdOIAT
a1eVu000006RFGgIAO,4,0HhVu0000001LVRKA2,Belmont,005Vu00000HRhdOIAT,005Vu00000HRhdOIAT
a1eVu000006RFGiIAO,4,0HhVu0000001LVRKA2,Hickory,005Vu00000HRhdOIAT,005Vu00000HRhdOIAT
a1eVu000006RFGxIAO,4,0HhVu0000001LVRKA2,Hickory,005Vu00000HRhdOIAT,005Vu00000HRhdOIAT
a1eVu000006RFH7IAO,4,0HhVu0000001LVRKA2,Greenville Extension,005Vu00000HRhdOIAT,005Vu00000HRhdOIAT
a1eVu000006RFH8IAO,4,0HhVu0000001LVRKA2,Charlotte W,005Vu00000HRhdOIAT,005Vu00000HRhdOIAT
a1eVu000006RK9eIAG,4,0HhVu0000001LVRKA2,Greenville Extension,005Vu00000HRhdOIAT,005Vu00000HRhdOIAT
a1eVu000006RK9qIAG,4,0HhVu0000001LVRKA2,Maiden,005Vu00000HRhdOIAT,005Vu00000HRhdOIAT
a1eVu000006RK9rIAG,4,0HhVu0000001LVRKA2,Maiden,005Vu00000HRhdOIAT,005Vu00000HRhdOIAT
a1eVu000006RK9wIAG,4,0HhVu0000001LVRKA2,Greenville Extension,005Vu00000HRhdOIAT,005Vu00000HRhdOIAT
a1eVu000006RK9xIAG,4,0HhVu0000001LVRKA2,Greenville Extension,005Vu00000HRhdOIAT,005Vu00000HRhdOIAT
a1eVu000006RKAAIA4,4,0HhVu0000001LVRKA2,Newton,005Vu00000HRhdOIAT,005Vu00000HRhdOIAT
a1eVu000006YlXJIA0,4,0HhVu0000001LVRKA2,Maiden,005Vu00000HRhdOIAT,005Vu00000HRhdOIAT
a1eVu000006RKAJIA4,4,0HhVu0000001LVRKA2,Charlotte W,005Vu00000HRhdOIAT,005Vu00000HRhdOIAT
a1eVu000006RKAHIA4,4,0HhVu0000001LVRKA2,Charlotte W,005Vu00000HRhdOIAT,005Vu00000HRhdOIAT
a1eVu000006RKAZIA4,4,0HhVu0000001LVRKA2,Conover,005Vu00000HRhdOIAT,005Vu00000HRhdOIAT
a1eVu000006RKAeIAO,4,0HhVu0000001LVRKA2,Greenville Extension,005Vu00000HRhdOIAT,005Vu00000HRhdOIAT
a1eVu000006RKAhIAO,4,0HhVu0000001LVRKA2,Greenville Extension,005Vu00000HRhdOIAT,005Vu00000HRhdOIAT
a1eVu000006RKAoIAO,4,0HhVu0000001LVRKA2,Hickory,005Vu00000HRhdOIAT,005Vu00000HRhdOIAT
a1eVu000006RFGNIA4,5,0HhVu0000001LX3KAM,Charlotte Central,005Vu00000JHMXRIA5,005Vu00000JHMXRIA5
a1eVu000006RFHBIA4,5,0HhVu0000001LX3KAM,Charlotte Central,005Vu00000JHMXRIA5,005Vu00000JHMXRIA5
